X,Y,Z
-38.4915,-93.9782,-20.6578
-38.4915,-93.9596,-20.6578
-38.5012,-93.9596,-20.6578
-38.5012,-93.9596,-20.6578
-38.5012,-93.941,-20.6578
-38.511,-93.9225,-20.6578
-38.511,-93.9225,-20.6578
-38.511,-93.9039,-20.6578
-38.511,-93.8853,-20.6578
-38.511,-93.8853,-20.6578
-38.5207,-93.8668,-20.7578
-38.5207,-93.8482,-20.7578
-38.5305,-93.8482,-20.7578
-38.5305,-93.8296,-20.7578
-38.5403,-93.8111,-20.7578
-38.5403,-93.8111,-20.7578
-38.55,-93.7925,-20.7578
-38.55,-93.7925,-20.7578
-38.55,-93.7739,-20.7578
-38.5598,-93.7739,-20.7578
-38.5598,-93.7554,-20.7578
-38.5695,-93.7368,-20.7578
-38.5695,-93.7368,-20.7578
-38.5598,-93.7368,-20.7578
-38.55,-93.7554,-20.7578
-38.5305,-93.774,-20.7578
-38.5207,-93.8111,-20.7578
-38.4817,-93.8668,-20.7578
-38.4622,-93.941,-20.7578
-38.4134,-94.0153,-20.7578
-38.3743,-94.1267,-20.7578
-38.3157,-94.2381,-20.8578
-38.2474,-94.3309,-20.8578
-38.1889,-94.4608,-20.8578
-38.1108,-94.6279,-20.8578
-38.0424,-94.7393,-20.8578
-37.9643,-94.8692,-20.8578
-37.8667,-95.0178,-20.8578
-37.7886,-95.1663,-20.9578
-37.7105,-95.3333,-20.9578
-37.6129,-95.4819,-20.9578
-37.5153,-95.6304,-21.0578
-37.4079,-95.7974,-21.0578
-37.3201,-95.946,-21.1578
-37.2127,-96.113,-21.1578
-37.1053,-96.2801,-21.1578
-36.998,-96.4472,-21.2578
-36.8906,-96.6143,-21.2578
-36.7735,-96.7814,-21.2578
-36.6661,-96.9484,-21.3578
-36.549,-97.1155,-21.3578
-36.4416,-97.2826,-21.3578
-36.3342,-97.4311,-21.4578
-36.2268,-97.5982,-21.4578
-36.139,-97.7653,-21.4579
-36.0414,-97.9323,-21.5579
-35.9535,-98.118,-21.5579
-35.8657,-98.2851,-21.5579
-35.7778,-98.4707,-21.5579
-35.6997,-98.6378,-21.6579
-35.6216,-98.8234,-21.6579
-35.5533,-98.9905,-21.6579
-35.4752,-99.1761,-21.7579
-35.4069,-99.3618,-21.7579
-35.3288,-99.5289,-21.7579
-35.2507,-99.6959,-21.7579
-35.1824,-99.8816,-21.8579
-35.1043,-100.0486,-21.8579
-35.0262,-100.2157,-21.8579
-34.9579,-100.3828,-21.9579
-34.8798,-100.5499,-21.9579
-34.8017,-100.717,-21.9579
-34.7236,-100.884,-21.9579
-34.6553,-101.0511,-21.9579
-34.5772,-101.2182,-22.0579
-34.5088,-101.3853,-22.0579
-34.4308,-101.5523,-22.0579
-34.3624,-101.7009,-22.0579
-34.2746,-101.8679,-22.0579
-34.2062,-102.0164,-22.1579
-34.1282,-102.2021,-22.1579
-34.0598,-102.3506,-22.1579
-33.9915,-102.4806,-22.1579
-33.9232,-102.5919,-22.1579
-33.8548,-102.7219,-22.1579
-33.7963,-102.8518,-22.1579
-33.7279,-102.9632,-22.1579
-33.6499,-103.0932,-22.1579
-33.5913,-103.2603,-22.1579
-33.523,-103.3902,-22.1579
-33.4546,-103.5016,-22.1579
-33.3961,-103.6315,-22.2579
-33.3277,-103.78,-22.2579
-33.2692,-103.9286,-22.2579
-33.2106,-104.0585,-22.2579
-33.1423,-104.1885,-22.2579
-33.0837,-104.337,-22.2579
-33.0251,-104.4669,-22.2579
-32.9666,-104.5969,-22.2579
-32.8982,-104.7454,-22.2579
-32.8397,-104.8753,-22.2579
-32.7811,-105.0053,-22.2579
-32.7225,-105.1538,-22.258
-32.664,-105.2838,-22.258
-32.6054,-105.4323,-22.258
-32.5468,-105.5622,-22.258
-32.4883,-105.6922,-22.258
-32.4297,-105.8407,-22.258
-32.3711,-105.9706,-22.258
-32.3126,-106.1191,-22.258
-32.254,-106.2491,-22.358
-32.1857,-106.3976,-22.358
-32.1271,-106.5276,-22.358
-32.0685,-106.6761,-22.358
-31.9904,-106.806,-22.358
-31.9319,-106.936,-22.358
-31.8635,-107.0659,-22.358
-31.7952,-107.2144,-22.358
-31.7464,-107.3444,-22.358
-31.6878,-107.4929,-22.358
-31.6293,-107.6228,-22.358
-31.5707,-107.7714,-22.358
-31.5121,-107.9013,-22.358
-31.4536,-108.0313,-22.358
-31.3852,-108.1798,-22.358
-31.3267,-108.3097,-22.358
-31.2681,-108.4397,-22.358
-31.2095,-108.5696,-22.358
-31.1412,-108.7181,-22.358
-31.0826,-108.8481,-22.458
-31.0143,-108.978,-22.458
-30.9557,-109.1265,-22.458
-30.8972,-109.2565,-22.458
-30.8288,-109.3864,-22.458
-30.7703,-109.535,-22.458
-30.7019,-109.6649,-22.458
-30.6434,-109.7949,-22.458
-30.575,-109.9434,-22.458
-30.5165,-110.0733,-22.458
-30.4481,-110.2218,-22.458
-30.3798,-110.3518,-22.458
-30.3115,-110.5003,-22.458
-30.2334,-110.6488,-22.458
-30.1651,-110.7973,-22.458
-30.087,-110.9644,-22.458
-29.9991,-111.1315,-22.458
-29.921,-111.2986,-22.458
-29.8429,-111.4656,-22.458
-29.7551,-111.6327,-22.458
-29.6672,-111.8183,-22.458
-29.5794,-111.9854,-22.5581
-29.4915,-112.1711,-22.4581
-29.4037,-112.3381,-22.5581
-29.3158,-112.5052,-22.5581
-29.2182,-112.6909,-22.5581
-29.1304,-112.8579,-22.5581
-29.0425,-113.0436,-22.5581
-28.9742,-113.2292,-22.5581
-28.9059,-113.4149,-22.5581
-28.8278,-113.6005,-22.5581
-28.7692,-113.7862,-22.5581
-28.7009,-113.9718,-22.5581
-28.6521,-114.1574,-22.5581
-28.5935,-114.3616,-22.5581
-28.5545,-114.5473,-22.5581
-28.5154,-114.7329,-22.5581
-28.4764,-114.9371,-22.5581
-28.4471,-115.1413,-22.5581
-28.4471,-115.327,-22.5581
-28.4471,-115.5312,-22.5581
-28.4568,-115.7354,-22.5581
-28.4764,-115.921,-22.5581
-28.5154,-116.1252,-22.5581
-28.5545,-116.3109,-22.5581
-28.6033,-116.4965,-22.5581
-28.6618,-116.6822,-22.5581
-28.7399,-116.8678,-22.5581
-28.8278,-117.0349,-22.5581
-28.9156,-117.202,-22.5581
-29.023,-117.369,-22.5581
-29.1402,-117.5175,-22.5581
-29.2573,-117.6846,-22.5582
-29.3842,-117.8331,-22.5582
-29.5209,-117.9631,-22.5582
-29.6673,-118.093,-22.5582
-29.8235,-118.223,-22.5582
-29.9894,-118.3344,-22.5582
-30.1456,-118.4643,-22.5582
-30.3018,-118.5757,-22.5582
-30.4775,-118.6871,-22.5582
-30.6434,-118.7985,-22.5582
-30.8191,-118.9098,-22.5582
-30.9851,-119.0027,-22.5582
-31.1706,-119.114,-22.5582
-31.3463,-119.2069,-22.5582
-31.5122,-119.3182,-22.5582
-31.6879,-119.4111,-22.5582
-31.8636,-119.5224,-22.5582
-32.0393,-119.6153,-22.5582
-32.2053,-119.7267,-22.5582
-32.381,-119.8195,-22.5582
-32.5469,-119.9494,-22.5582
-32.7227,-120.0422,-22.5582
-32.8788,-120.1536,-22.5582
-33.0448,-120.2836,-22.5582
-33.2107,-120.395,-22.5582
-33.3767,-120.5249,-22.5582
-33.5426,-120.6363,-22.5582
-33.7183,-120.7291,-22.5582
-33.894,-120.8405,-22.5582
-34.06,-120.9519,-22.5582
-34.2357,-121.0633,-22.5582
-34.4114,-121.1746,-22.5582
-34.5773,-121.286,-22.5582
-34.7531,-121.3788,-22.5582
-34.9288,-121.4902,-22.5583
-35.1045,-121.6016,-22.5583
-35.2704,-121.713,-22.5583
-35.4461,-121.8058,-22.5583
-35.6218,-121.9172,-22.5583
-35.7975,-122.0286,-22.5583
-35.9635,-122.14,-22.5583
-36.1392,-122.2328,-22.5583
-36.3149,-122.3442,-22.5583
-36.4906,-122.4555,-22.5583
-36.6663,-122.5484,-22.5583
-36.8323,-122.6597,-22.6583
-37.008,-122.7526,-22.5583
-37.1837,-122.8454,-22.6583
-37.3594,-122.9568,-22.6583
-37.5351,-123.0496,-22.6583
-37.7108,-123.1424,-22.6583
-37.8865,-123.2538,-22.6583
-38.0622,-123.3652,-22.6583
-38.2477,-123.458,-22.6583
-38.4234,-123.5508,-22.6583
-38.5991,-123.6436,-22.6583
-38.7748,-123.755,-22.6583
-38.9505,-123.8478,-22.6583
-39.1262,-123.9592,-22.6583
-39.3117,-124.052,-22.6583
-39.4874,-124.1449,-22.6583
-39.6631,-124.2377,-22.6583
-39.8388,-124.3491,-22.6583
-40.0243,-124.4419,-22.6583
-40.2,-124.5347,-22.6583
-40.3757,-124.6461,-22.6583
-40.5612,-124.7389,-22.6583
-40.7369,-124.8317,-22.6584
-40.9224,-124.9245,-22.7584
-41.1078,-125.0359,-22.7584
-41.2835,-125.1287,-22.7584
-41.4592,-125.2401,-22.7584
-41.6154,-125.3515,-22.7584
-41.7911,-125.4629,-22.7584
-41.9571,-125.5928,-22.7584
-42.123,-125.7228,-22.7584
-42.2792,-125.8527,-22.7584
-42.4452,-125.9827,-22.7584
-42.6013,-126.1126,-22.7584
-42.7575,-126.2611,-22.7584
-42.9137,-126.3911,-22.7584
-43.0601,-126.5396,-22.7584
-43.2066,-126.6881,-22.7584
-43.3432,-126.8366,-22.7584
-43.4994,-126.9851,-22.8584
-43.6361,-127.1522,-22.8584
-43.7727,-127.3007,-22.8584
-43.8996,-127.4492,-22.8584
-44.0363,-127.6163,-22.8584
-44.1534,-127.8019,-22.8584
-44.2803,-127.9504,-22.8584
-44.3975,-128.1361,-22.8584
-44.5146,-128.3032,-22.8584
-44.6318,-128.4702,-22.8584
-44.7391,-128.6373,-22.9585
-44.8465,-128.823,-22.9585
-44.9539,-128.99,-22.9585
-45.0418,-129.1757,-22.9585
-45.1491,-129.3613,-22.9585
-45.237,-129.5469,-22.9585
-45.3249,-129.7326,-22.9585
-45.4029,-129.9182,-22.9585
-45.481,-130.1224,-22.9585
-45.5591,-130.3081,-22.9585
-45.6275,-130.4937,-22.9585
-45.6958,-130.6979,-22.9585
-45.7641,-130.8836,-23.0585
-45.8227,-131.0692,-23.0585
-45.8813,-131.2734,-23.0585
-45.9398,-131.4776,-23.0585
-45.9887,-131.6632,-23.0585
-46.0277,-131.8675,-23.0585
-46.0668,-132.0717,-23.0585
-46.0863,-132.2573,-23.0585
-46.1058,-132.4615,-23.0585
-46.1351,-132.6657,-23.0585
-46.1351,-132.8699,-23.0585
-46.1449,-133.0556,-23.1586
-46.1546,-133.2598,-23.1586
-46.1351,-133.464,-23.1586
-46.1351,-133.6682,-23.1586
-46.1253,-133.8724,-23.1586
-46.1156,-134.058,-23.1586
-46.0961,-134.2622,-23.1586
-46.0961,-134.4664,-23.1586
-46.0668,-134.6706,-23.1586
-46.0473,-134.8748,-23.1586
-46.0277,-135.079,-23.1586
-45.9985,-135.2833,-23.1586
-45.9692,-135.4875,-23.1586
-45.9399,-135.6917,-23.1586
-45.9009,-135.8959,-23.1586
-45.8716,-136.1001,-23.2586
-45.8228,-136.2857,-23.1586
-45.7935,-136.5085,-23.2586
-45.7447,-136.6941,-23.2586
-45.6959,-136.8983,-23.2586
-45.6471,-137.1025,-23.2586
-45.5885,-137.3067,-23.2586
-45.5495,-137.511,-23.2586
-45.4909,-137.6966,-23.2586
-45.4421,-137.9008,-23.2587
-45.3835,-138.105,-23.2587
-45.3347,-138.2907,-23.2587
-45.2859,-138.4949,-23.2587
-45.2273,-138.6805,-23.2587
-45.159,-138.8847,-23.2587
-45.1102,-139.0889,-23.2587
-45.0516,-139.2746,-23.2587
-44.9833,-139.4788,-23.2587
-44.9247,-139.6644,-23.2587
-44.8662,-139.85,-23.2587
-44.7978,-140.0543,-23.2587
-44.7393,-140.2399,-23.2587
-44.6807,-140.4441,-23.2587
-44.6026,-140.6297,-23.2587
-44.5441,-140.8339,-23.2587
-44.4757,-141.0196,-23.2587
-44.3976,-141.2052,-23.2587
-44.3391,-141.3909,-23.2587
-44.2805,-141.5951,-23.2587
-44.2024,-141.7807,-23.2587
-44.1341,-141.9664,-23.2587
-44.056,-142.152,-23.2587
-43.9779,-142.3562,-23.2587
-43.9096,-142.5419,-23.2587
-43.8315,-142.7275,-23.3587
-43.7534,-142.9131,-23.3587
-43.6753,-143.1173,-23.3588
-43.5972,-143.303,-23.3588
-43.5191,-143.4886,-23.3588
-43.441,-143.6743,-23.3588
-43.3727,-143.8413,-23.3588
-43.2848,-144.0456,-23.3588
-43.2068,-144.2312,-23.3588
-43.1287,-144.4168,-23.3588
-43.0408,-144.6025,-23.3588
-42.9627,-144.7881,-23.3588
-42.8749,-144.9552,-23.3588
-42.7968,-145.1594,-23.3588
-42.7089,-145.3265,-23.3588
-42.6406,-145.5121,-23.3588
-42.582,-145.7163,-23.3588
-42.5137,-145.902,-23.4588
-42.4551,-146.0876,-23.4588
-42.3966,-146.2918,-23.4588
-42.338,-146.4775,-23.4588
-42.2892,-146.6817,-23.4588
-42.2306,-146.8673,-23.4588
-42.1818,-147.053,-23.4588
-42.133,-147.2572,-23.4588
-42.094,-147.4614,-23.5588
-42.0549,-147.647,-23.5588
-42.0159,-147.8512,-23.5589
-41.9768,-148.0369,-23.5589
-41.9476,-148.2411,-23.5589
-41.8988,-148.4453,-23.5589
-41.8499,-148.6495,-23.5589
-41.8109,-148.8351,-23.5589
-41.7621,-149.0393,-23.5589
-41.7231,-149.225,-23.5589
-41.6742,-149.4477,-23.5589
-41.6254,-149.6334,-23.5589
-41.5766,-149.8376,-23.5589
-41.5181,-150.0232,-23.5589
-41.44,-150.2089,-23.6589
-41.3619,-150.3945,-23.5589
-41.2838,-150.5801,-23.6589
-41.1862,-150.7472,-23.6589
-41.0788,-150.9143,-23.6589
-40.9519,-151.0628,-23.6589
-40.825,-151.2299,-23.6589
-40.6883,-151.3784,-23.6589
-40.5517,-151.5084,-23.6589
-40.4053,-151.6383,-23.6589
-40.2686,-151.7683,-23.6589
-40.1417,-151.9168,-23.6589
-39.9953,-152.0653,-23.6589
-39.8684,-152.1952,-23.6589
-39.7317,-152.3438,-23.6589
-39.5853,-152.4551,-23.7589
-39.4194,-152.548,-23.7589
-39.2632,-152.6408,-23.7589
-39.1167,-152.7893,-23.7589
-38.9898,-152.9378,-23.759
-38.8825,-153.0863,-23.759
-38.7849,-153.2534,-23.759
-38.697,-153.4205,-23.759
-38.6189,-153.6061,-23.759
-38.5603,-153.7732,-23.759
-38.5018,-153.9588,-23.759
-38.4627,-154.1631,-23.759
-38.4335,-154.3487,-23.759
-38.4335,-154.5343,-23.859
-38.4335,-154.7385,-23.759
-38.4432,-154.9427,-23.859
-38.4725,-155.1469,-23.859
-38.5018,-155.3326,-23.859
-38.5408,-155.5182,-23.859
-38.5994,-155.7224,-23.859
-38.658,-155.9081,-23.859
-38.7166,-156.0937,-23.859
-38.7849,-156.2794,-23.859
-38.8337,-156.4836,-23.859
-38.8923,-156.6692,-23.859
-38.9118,-156.8734,-23.859
-38.9313,-157.0591,-23.8591
-38.9216,-157.2633,-23.8591
-38.902,-157.4489,-23.9591
-38.8728,-157.6531,-23.9591
-38.8337,-157.8387,-23.9591
-38.7849,-158.0244,-23.9591
-38.7263,-158.21,-23.9591
-38.658,-158.3957,-23.9591
-38.5702,-158.5813,-23.9591
-38.4823,-158.7484,-23.9591
-38.3847,-158.9155,-23.9591
-38.2578,-159.064,-23.9591
-38.1309,-159.2125,-23.9591
-37.9942,-159.361,-23.9591
-37.8478,-159.491,-23.9591
-37.7014,-159.6023,-23.9591
-37.555,-159.7137,-23.9591
-37.389,-159.8066,-23.9591
-37.2231,-159.8994,-23.9591
-37.0571,-159.9736,-23.9591
-36.8912,-160.0665,-23.9591
-36.7252,-160.1778,-23.9591
-36.5593,-160.2707,-23.9591
-36.4129,-160.3821,-23.9591
-36.2762,-160.5306,-23.9591
-36.1591,-160.6791,-23.9591
-36.0419,-160.8276,-23.9591
-35.9443,-160.9947,-23.9591
-35.8662,-161.1618,-23.9591
-35.7881,-161.3288,-23.9591
-35.7296,-161.5145,-23.9591
-35.6808,-161.7001,-23.9591
-35.6515,-161.8858,-23.9592
-35.6222,-162.0714,-23.9592
-35.6124,-162.257,-24.0592
-35.6222,-162.4612,-24.0592
-35.6417,-162.6654,-24.0592
-35.6808,-162.8325,-24.0592
-35.7296,-163.0367,-24.0592
-35.7881,-163.2224,-24.0592
-35.7881,-163.4266,-24.0592
-35.7881,-163.6122,-24.0592
-35.7686,-163.7979,-24.0592
-35.7296,-163.9835,-24.0592
-35.6905,-164.1877,-24.0592
-35.6515,-164.3733,-24.0592
-35.632,-164.5776,-24.0592
-35.5929,-164.7818,-24.0592
-35.5636,-164.9674,-24.0592
-35.5246,-165.1716,-24.0592
-35.4953,-165.3758,-24.0592
-35.4563,-165.5615,-24.1592
-35.4172,-165.7657,-24.0593
-35.3782,-165.9513,-24.1593
-35.3391,-166.1555,-24.1593
-35.2903,-166.3597,-24.1593
-35.2415,-166.5454,-24.1593
-35.2025,-166.7496,-24.1593
-35.1439,-166.9352,-24.1593
-35.0853,-167.1394,-24.1593
-35.0365,-167.325,-24.1593
-34.9877,-167.5293,-24.1593
-34.9292,-167.7149,-24.1593
-34.8804,-167.9191,-24.1593
-34.8218,-168.1047,-24.1593
-34.773,-168.3089,-24.1593
-34.7242,-168.4946,-24.1593
-34.6656,-168.6988,-24.1593
-34.6168,-168.903,-24.1593
-34.5582,-169.0886,-24.1593
-34.5094,-169.2929,-24.1593
-34.4606,-169.4971,-24.1593
-34.4021,-169.6827,-24.1593
-34.3435,-169.8869,-24.1594
-34.2947,-170.0725,-24.2594
-34.2361,-170.2767,-24.2594
-34.1873,-170.481,-24.2594
-34.1385,-170.6852,-24.2594
-34.0799,-170.8708,-24.2594
-34.0214,-171.075,-24.2594
-33.9726,-171.2792,-24.2594
-33.914,-171.4649,-24.2594
-33.8554,-171.6691,-24.2594
-33.8066,-171.8733,-24.2594
-33.7578,-172.0775,-24.2594
-33.6992,-172.2817,-24.2594
-33.6407,-172.4859,-24.2594
-33.5919,-172.6901,-24.2594
-33.5333,-172.8757,-24.3594
-33.4747,-173.0799,-24.2594
-33.4259,-173.2841,-24.3594
-33.3674,-173.4883,-24.3594
-33.3088,-173.6926,-24.3595
-33.2307,-173.8782,-24.3595
-33.1428,-174.0824,-24.3595
-33.0647,-174.268,-24.3595
-32.9671,-174.4537,-24.3595
-32.8695,-174.6393,-24.3595
-32.7719,-174.825,-24.3595
-32.6645,-174.9921,-24.3595
-32.5474,-175.1777,-24.3595
-32.4205,-175.3262,-24.3595
-32.2838,-175.4933,-24.3595
-32.1472,-175.6418,-24.3595
-32.0007,-175.7903,-24.3595
-31.8446,-175.9203,-24.3595
-31.7079,-176.0502,-24.4595
-31.5419,-176.1616,-24.4595
-31.376,-176.2915,-24.4595
-31.2198,-176.3844,-24.4595
-31.0441,-176.4958,-24.4595
-30.8586,-176.5886,-24.4595
-30.6829,-176.6814,-24.4595
-30.4975,-176.7557,-24.4595
-30.312,-176.8299,-24.4595
-30.1363,-176.9042,-24.4595
-29.941,-176.9413,-24.4595
-29.7556,-176.997,-24.4595
-29.5701,-177.0341,-24.4595
-29.3749,-177.0713,-24.4595
-29.1796,-177.0898,-24.4595
-28.9942,-177.0898,-24.4595
-28.7989,-177.0898,-24.4595
-28.6135,-177.0898,-24.4595
-28.4182,-177.0713,-24.4595
-28.223,-177.0341,-24.4595
-28.0375,-177.0156,-24.4595
-27.8618,-176.9599,-24.4595
-27.6763,-176.9228,-24.4595
-27.4909,-176.8671,-24.4595
-27.3152,-176.8114,-24.5595
-27.1297,-176.7557,-24.4595
-26.9442,-176.7,-24.4595
-26.7588,-176.6443,-24.4595
-26.5733,-176.6072,-24.4595
-26.3878,-176.5329,-24.4595
-26.2121,-176.4772,-24.4595
-26.0169,-176.4215,-24.4595
-25.8314,-176.403,-24.4595
-25.6362,-176.3844,-24.4595
-25.4507,-176.3658,-24.4595
-25.2555,-176.3473,-24.4595
-25.0602,-176.3287,-24.4595
-24.865,-176.3102,-24.4595
-24.6795,-176.2916,-24.4595
-24.4843,-176.273,-24.4595
-24.2891,-176.2545,-24.4595
-24.0938,-176.2545,-24.4595
-23.8986,-176.2545,-24.4595
-23.7131,-176.2359,-24.4595
-23.5081,-176.2359,-24.4595
-23.3227,-176.2359,-24.4595
-23.1274,-176.2359,-24.4595
-22.9322,-176.2545,-24.4595
-22.737,-176.2359,-24.4595
-22.5417,-176.2359,-24.4595
-22.3465,-176.2359,-24.4595
-22.1513,-176.2174,-24.4595
-21.956,-176.2174,-24.4595
-21.7608,-176.1988,-24.4595
-21.5558,-176.1802,-24.4595
-21.3606,-176.1802,-24.4595
-21.1653,-176.1617,-24.4595
-20.9701,-176.1617,-24.4595
-20.7749,-176.1431,-24.4595
-20.5699,-176.1431,-24.4595
-20.3746,-176.1431,-24.4595
-20.1794,-176.1431,-24.4595
-19.9744,-176.1431,-24.4595
-19.7694,-176.1431,-24.4595
-19.5742,-176.1617,-24.4595
-19.379,-176.1431,-24.4595
-19.174,-176.1617,-24.4595
-18.9787,-176.1617,-24.4595
-18.7737,-176.1802,-24.4595
-18.5785,-176.1988,-24.4595
-18.3735,-176.1988,-24.4595
-18.1685,-176.2174,-24.4595
-17.9733,-176.2359,-24.4595
-17.7683,-176.2731,-24.4595
-17.5828,-176.3102,-24.4595
-17.3876,-176.3473,-24.4595
-17.1826,-176.403,-24.4595
-16.9971,-176.4401,-24.4595
-16.8116,-176.5144,-24.4595
-16.6262,-176.5887,-24.4595
-16.4407,-176.6815,-24.4595
-16.265,-176.7743,-24.4595
-16.0893,-176.8671,-24.4595
-15.9136,-176.9785,-24.4595
-15.7476,-177.0899,-24.4595
-15.5914,-177.2198,-24.4595
-15.4255,-177.3498,-24.4595
-15.2791,-177.4797,-24.4595
-15.1327,-177.6097,-24.4595
-14.9862,-177.7582,-24.4595
-14.8496,-177.9067,-24.4595
-14.7031,-178.0552,-24.4595
-14.5567,-178.2038,-24.4595
-14.4103,-178.3337,-24.4595
-14.2736,-178.4822,-24.4595
-14.1272,-178.6307,-24.4595
-13.9905,-178.7792,-24.4595
-13.8344,-178.9278,-24.4595
-13.6879,-179.0577,-24.4595
-13.5415,-179.1877,-24.4595
-13.3853,-179.3362,-24.5595
-13.2291,-179.4661,-24.5595
-13.073,-179.5775,-24.5595
-12.907,-179.7075,-24.5595
-12.7411,-179.8188,-24.5595
-12.5849,-179.9488,-24.5595
-12.4092,-180.0602,-24.5596
-12.2432,-180.1716,-24.5596
-12.0675,-180.2644,-24.5596
-11.8918,-180.3758,-24.5596
-11.7161,-180.4686,-24.5596
-11.5404,-180.5614,-24.5596
-11.3549,-180.6542,-24.5596
-11.1792,-180.747,-24.5596
-10.9937,-180.8399,-24.5596
-10.818,-180.9141,-24.5596
-10.6325,-180.9884,-24.5596
-10.4471,-181.0812,-24.5596
-10.2616,-181.1555,-24.5596
-10.0761,-181.2112,-24.5596
-9.8809,-181.2854,-24.5596
-9.6954,-181.3411,-24.5596
-9.5002,-181.3968,-24.5596
-9.305,-181.4525,-24.5596
-9.1195,-181.4896,-24.5596
-8.9243,-181.5453,-24.5596
-8.729,-181.5824,-24.5596
-8.5338,-181.6196,-24.5596
-8.3386,-181.6381,-24.5596
-8.1433,-181.6567,-24.5596
-7.9481,-181.6938,-24.5596
-7.7431,-181.6938,-24.5596
-7.5479,-181.7124,-24.5596
-7.3526,-181.7495,-24.5596
-7.1574,-181.7681,-24.5596
-6.9622,-181.7681,-24.5596
-6.7669,-181.7866,-24.5596
-6.5619,-181.8052,-24.5596
-6.3667,-181.8238,-24.5596
-6.1715,-181.8238,-24.5596
-5.9762,-181.8423,-24.5596
-5.7712,-181.8423,-24.5596
-5.5858,-181.8423,-24.5596
-5.3905,-181.8423,-24.5596
-5.1855,-181.8238,-24.5596
-5.0001,-181.8238,-24.5596
-4.8048,-181.8052,-24.5596
-4.6096,-181.7681,-24.5596
-4.4241,-181.7495,-24.5596
-4.2289,-181.7124,-24.5596
-4.0434,-181.6938,-24.5596
-3.8482,-181.6567,-24.5596
-3.6627,-181.6381,-24.5596
-3.4675,-181.601,-24.5596
-3.282,-181.5824,-24.5596
-3.0868,-181.5268,-24.5596
-2.9013,-181.4896,-24.5596
-2.7159,-181.4525,-24.5596
-2.5304,-181.3968,-24.5596
-2.3351,-181.3597,-24.5596
-2.1497,-181.304,-24.5596
-1.9642,-181.2483,-24.5596
-1.7787,-181.1926,-24.5596
-1.5933,-181.1183,-24.5596
-1.4078,-181.0627,-24.5596
-1.2321,-181.007,-24.5596
-1.0466,-180.9327,-24.5596
-0.8709,-180.8584,-24.5596
-0.6952,-180.7842,-24.5596
-0.5195,-180.7099,-24.5596
-0.3438,-180.6171,-24.5596
-0.1778,-180.5429,-24.5596
-0.0119,-180.45,-24.5596
0.1541,-180.3572,-24.5595
0.3103,-180.2644,-24.5595
0.4762,-180.153,-24.4595
0.6226,-180.0416,-24.5595
0.7593,-179.9117,-24.4595
0.8862,-179.7817,-24.4595
1.0131,-179.6518,-24.4595
1.14,-179.5218,-24.4595
1.2767,-179.3919,-24.4595
1.4231,-179.2619,-24.4595
1.5597,-179.132,-24.4595
1.6964,-179.002,-24.4595
1.8331,-178.8721,-24.4595
1.9697,-178.7421,-24.4595
2.0966,-178.6122,-24.4595
2.2235,-178.4637,-24.4595
2.3407,-178.3337,-24.4595
2.4578,-178.1852,-24.4595
2.575,-178.0367,-24.4595
2.6921,-177.8882,-24.4595
2.7995,-177.7397,-24.4595
2.8971,-177.5726,-24.4595
3.0045,-177.4241,-24.4595
3.1021,-177.2756,-24.4595
3.1899,-177.1085,-24.4595
3.2876,-176.9414,-24.4595
3.3754,-176.7743,-24.4594
3.4633,-176.6073,-24.4594
3.5414,-176.4402,-24.4594
3.6195,-176.2731,-24.4594
3.6975,-176.106,-24.4594
3.7854,-175.939,-24.4594
3.8733,-175.7719,-24.4594
3.9513,-175.6048,-24.4594
4.0197,-175.4192,-24.4594
4.088,-175.2521,-24.3594
4.1563,-175.085,-24.3594
4.2149,-174.8994,-24.3594
4.2637,-174.7137,-24.3594
4.3223,-174.5466,-24.3594
4.3711,-174.361,-24.3594
4.4199,-174.1754,-24.3594
4.4687,-173.9897,-24.3594
4.5078,-173.8041,-24.3594
4.5468,-173.6184,-24.3594
4.5761,-173.4328,-24.3594
4.6054,-173.2472,-24.3594
4.6347,-173.0615,-24.3593
4.6542,-172.8759,-24.3593
4.6737,-172.6717,-24.3593
4.6932,-172.486,-24.3593
4.703,-172.3004,-24.3593
4.703,-172.1147,-24.3593
4.7127,-171.9291,-24.3593
4.7127,-171.7249,-24.3593
4.703,-171.5393,-24.3593
4.703,-171.3536,-24.3593
4.6835,-171.168,-24.3593
4.6737,-170.9823,-24.3593
4.6542,-170.7781,-24.3593
4.6347,-170.5925,-24.3593
4.6054,-170.4068,-24.3593
4.5761,-170.2212,-24.3593
4.537,-170.0356,-24.3593
4.5078,-169.8499,-24.3593
4.4589,-169.6643,-24.3593
4.4199,-169.4972,-24.3593
4.3711,-169.3116,-24.3592
4.3223,-169.1259,-24.3592
4.2832,-168.9403,-24.3592
4.2539,-168.7546,-24.3592
4.2442,-168.569,-24.3592
4.2344,-168.3648,-24.3592
4.2442,-168.1791,-24.3592
4.2637,-168.0121,-24.3592
4.293,-167.8264,-24.3592
4.3418,-167.6408,-24.3592
4.3906,-167.4737,-24.3592
4.4589,-167.3066,-24.3592
4.5273,-167.121,-24.3592
4.6151,-166.9539,-24.3592
4.7127,-166.8054,-24.3592
4.8104,-166.6383,-24.3592
4.9177,-166.5084,-24.3592
5.0446,-166.3599,-24.3592
5.1618,-166.2299,-24.3592
5.2984,-166.1,-24.3592
5.4351,-165.9886,-24.2592
5.5718,-165.8586,-24.2592
5.7084,-165.7287,-24.2592
5.8353,-165.5987,-24.2592
5.972,-165.4688,-24.2591
6.1087,-165.3574,-24.2591
6.2453,-165.2089,-24.2591
6.3917,-165.0975,-24.2591
6.5382,-164.9861,-24.2591
6.6846,-164.8562,-24.2591
6.8408,-164.7448,-24.2591
6.997,-164.652,-24.2591
7.1531,-164.522,-24.2591
7.2898,-164.4106,-24.2591
7.446,-164.2992,-24.2591
7.5924,-164.1693,-24.2591
7.7388,-164.0579,-24.2591
7.895,-163.9465,-24.2591
8.0414,-163.8166,-24.2591
8.1976,-163.6866,-24.2591
8.3636,-163.5567,-24.2591
8.5393,-163.4267,-24.2591
8.715,-163.2782,-24.2591
8.9005,-163.1297,-24.2591
9.0859,-162.9812,-24.2591
9.2812,-162.8327,-24.2591
9.4569,-162.6842,-24.2591
9.6521,-162.5356,-24.2591
9.8376,-162.3871,-24.2591
10.023,-162.2201,-24.2591
10.1988,-162.0715,-24.2591
10.3842,-161.923,-24.2591
10.5599,-161.7559,-24.2591
10.7454,-161.6074,-24.2591
10.9211,-161.4404,-24.2591
11.0968,-161.2918,-24.259
11.2725,-161.1248,-24.259
11.4482,-160.9577,-24.259
11.6239,-160.7906,-24.259
11.7997,-160.6235,-24.259
11.9656,-160.4565,-24.259
12.1413,-160.2894,-24.259
12.3073,-160.1223,-24.259
12.4732,-159.9552,-24.259
12.6489,-159.7696,-24.159
12.8051,-159.6025,-24.159
12.971,-159.4169,-24.159
13.137,-159.2498,-24.159
13.3127,-159.0827,-24.159
13.4884,-158.9156,-24.159
13.6641,-158.7485,-24.159
13.8398,-158.5815,-24.159
14.0253,-158.433,-24.159
14.2108,-158.2659,-24.159
14.3865,-158.1174,-24.159
14.5817,-157.9689,-24.159
14.7672,-157.8018,-24.159
14.9526,-157.6533,-24.159
15.1479,-157.5233,-24.159
15.3431,-157.3748,-24.159
15.5383,-157.2263,-24.159
15.7336,-157.0963,-24.159
15.9288,-156.9478,-24.1589
16.124,-156.7993,-24.1589
16.3095,-156.6694,-24.1589
16.495,-156.5208,-24.1589
16.6707,-156.3723,-24.1589
16.8561,-156.2424,-24.1589
17.0318,-156.0939,-24.1589
17.2076,-155.9453,-24.1589
17.3735,-155.7968,-24.1589
17.5492,-155.6483,-24.1589
17.7249,-155.4998,-24.1589
17.8909,-155.3513,-24.1589
18.0568,-155.2028,-24.1589
18.2228,-155.0543,-24.1589
18.3887,-154.9058,-24.1589
18.5546,-154.7572,-24.1589
18.7206,-154.5902,-24.1589
18.8768,-154.4416,-24.1589
19.0427,-154.2931,-24.1589
19.1989,-154.1261,-24.1589
19.3551,-153.9775,-24.1589
19.5113,-153.8105,-24.1589
19.6675,-153.6434,-24.1589
19.8236,-153.4949,-24.1589
19.9798,-153.3278,-24.1589
20.1263,-153.1607,-24.1589
20.2824,-152.9936,-24.1589
20.4289,-152.8451,-24.1589
20.5753,-152.678,-24.1589
20.7217,-152.4924,-24.1589
20.8681,-152.3253,-24.1589
21.0146,-152.1582,-24.1588
21.161,-151.9912,-24.1588
21.3074,-151.8241,-24.1588
21.4441,-151.657,-24.1588
21.6002,-151.4899,-24.1588
21.7467,-151.3229,-24.1588
21.8931,-151.1558,-24.1588
22.0395,-150.9887,-24.1588
22.1957,-150.8216,-24.1588
22.3421,-150.6731,-24.1588
22.4983,-150.506,-24.1588
22.6545,-150.339,-24.1588
22.8009,-150.1719,-24.1588
22.9571,-150.0234,-24.1588
23.1133,-149.8563,-24.1588
23.2695,-149.6892,-24.1588
23.4256,-149.5407,-24.1588
23.5818,-149.3736,-24.1588
23.738,-149.2251,-24.1588
23.904,-149.058,-24.1588
24.0601,-148.9095,-24.1588
24.2261,-148.7424,-24.1588
24.3823,-148.5939,-24.1588
24.5482,-148.4454,-24.1588
24.7044,-148.2783,-24.1588
24.8801,-148.1298,-24.1588
25.0363,-147.9813,-24.1588
25.2022,-147.8142,-24.1588
25.3682,-147.6657,-24.1588
25.5439,-147.5172,-24.1588
25.7098,-147.3687,-24.1588
25.8758,-147.2202,-24.1588
26.0417,-147.0716,-24.1587
26.2174,-146.9231,-24.1587
26.3931,-146.7746,-24.1587
26.5591,-146.6261,-24.1587
26.725,-146.4776,-24.1587
26.9007,-146.3291,-24.1587
27.0667,-146.1806,-24.1587
27.2326,-146.032,-24.1587
27.3986,-145.8835,-24.1587
27.5645,-145.7165,-24.1587
27.7305,-145.5679,-24.1587
27.8867,-145.4009,-24.1587
28.0526,-145.2523,-24.1587
28.2088,-145.0853,-24.1587
28.3747,-144.9368,-24.1587
28.5309,-144.7697,-24.1587
28.6871,-144.6026,-24.1587
28.8433,-144.4541,-24.1587
28.9995,-144.287,-24.1587
29.1556,-144.1199,-24.1587
29.3118,-143.9528,-24.1587
29.4583,-143.7858,-24.1587
29.5852,-143.6187,-24.1587
29.712,-143.433,-24.1587
29.8389,-143.2474,-24.1587
29.9561,-143.0618,-24.1587
30.0732,-142.8761,-24.1587
30.1806,-142.6719,-24.1587
30.2782,-142.4863,-24.1587
30.3758,-142.2821,-24.1587
30.4637,-142.0779,-24.1587
30.5515,-141.8737,-24.1586
30.6199,-141.6509,-24.1586
30.698,-141.4467,-24.1586
30.7565,-141.2239,-24.1586
30.8151,-141.0197,-24.1586
30.8737,-140.7969,-24.1586
30.9225,-140.5742,-24.1586
30.9615,-140.37,-24.1586
30.9908,-140.1472,-24.1586
31.0201,-139.9244,-24.1586
31.0396,-139.7016,-24.1586
31.0591,-139.4789,-24.1586
31.0689,-139.2561,-24.1586
31.0591,-139.0333,-24.1586
31.0298,-138.8106,-24.1586
30.981,-138.5878,-24.1586
30.9224,-138.3836,-24.1586
30.8443,-138.198,-24.1586
30.7467,-138.0123,-24.1586
30.6296,-137.8452,-24.1586
30.4929,-137.6782,-24.1586
30.3563,-137.5296,-24.2586
30.2098,-137.3811,-24.1586
30.0927,-137.1955,-24.2585
29.9658,-137.0284,-24.2585
29.8291,-136.8613,-24.2585
29.6925,-136.6943,-24.2585
29.5656,-136.5272,-24.2585
29.3996,-136.3787,-24.2585
29.2239,-136.2673,-24.2585
29.0482,-136.1373,-24.2585
28.8823,-135.9888,-24.2585
28.6968,-135.8774,-24.2585
28.5113,-135.7475,-24.2585
28.3259,-135.6361,-24.2585
28.1501,-135.4876,-24.2585
27.9842,-135.3391,-24.2585
27.8183,-135.1906,-24.2585
27.6523,-135.0421,-24.2585
27.4864,-134.875,-24.2585
27.3204,-134.7265,-24.2585
27.1642,-134.578,-24.2585
26.9983,-134.4109,-24.2585
26.8519,-134.2438,-24.2585
26.6957,-134.0767,-24.2585
26.5395,-133.9097,-24.2585
26.3833,-133.7426,-24.2585
26.2173,-133.5755,-24.2585
26.0612,-133.427,-24.2584
25.8952,-133.2599,-24.2584
25.7195,-133.1114,-24.2584
25.5536,-132.9443,-24.2584
25.3974,-132.7773,-24.2584
25.2314,-132.6287,-24.2584
25.0752,-132.4617,-24.2584
24.9093,-132.2946,-24.2584
24.7531,-132.1275,-24.2584
24.5969,-131.9604,-24.2584
24.4407,-131.7934,-24.2584
24.2846,-131.6263,-24.2584
24.1284,-131.4592,-24.2584
23.9722,-131.2921,-24.2584
23.816,-131.1251,-24.2584
23.6598,-130.958,-24.2584
23.5134,-130.7723,-24.2584
23.3572,-130.6053,-24.2584
23.2108,-130.4382,-24.2584
23.0546,-130.2711,-24.2584
22.9082,-130.0855,-24.2584
22.752,-129.8998,-24.2584
22.6056,-129.7328,-24.2584
22.4591,-129.5471,-24.2584
22.3127,-129.38,-24.2584
22.1663,-129.1944,-24.2583
22.0199,-129.0088,-24.2583
21.8832,-128.8231,-24.2583
21.7368,-128.656,-24.2583
21.5904,-128.4704,-24.2583
21.4537,-128.2848,-24.2583
21.3073,-128.0991,-24.2583
21.1706,-127.9135,-24.2583
21.0339,-127.7278,-24.2583
20.8973,-127.5422,-24.2583
20.7606,-127.3566,-24.2583
20.624,-127.1709,-24.2583
20.4873,-126.9853,-24.2583
20.3506,-126.7996,-24.2583
20.2237,-126.614,-24.2583
20.0968,-126.4098,-24.2583
19.9602,-126.2242,-24.2583
19.8333,-126.0385,-24.2583
19.7064,-125.8529,-24.2583
19.5697,-125.6487,-24.2583
19.433,-125.4816,-24.2583
19.2964,-125.2959,-24.2583
19.1597,-125.1103,-24.2583
19.0133,-124.9432,-24.2583
18.8766,-124.7576,-24.2582
18.7302,-124.5719,-24.2582
18.5838,-124.4049,-24.2582
18.4374,-124.2192,-24.2582
18.2812,-124.0522,-24.2582
18.1348,-123.8851,-24.2582
17.9883,-123.6994,-24.3582
17.8419,-123.5138,-24.2582
17.6955,-123.3467,-24.3582
17.5588,-123.1611,-24.3582
17.4124,-122.9754,-24.3582
17.2757,-122.8084,-24.3582
17.1391,-122.6227,-24.3582
16.9927,-122.4371,-24.3582
16.856,-122.2514,-24.2582
16.7193,-122.0658,-24.3582
16.5827,-121.8802,-24.3582
16.446,-121.6945,-24.3582
16.3191,-121.5089,-24.3582
16.1824,-121.3047,-24.3582
16.0555,-121.119,-24.3582
15.9189,-120.9334,-24.3582
15.792,-120.7477,-24.3582
15.6651,-120.5435,-24.3582
15.5382,-120.3579,-24.3582
15.4113,-120.1723,-24.3582
15.2746,-119.9681,-24.3581
15.1575,-119.7824,-24.3581
15.0306,-119.5782,-24.3581
14.9037,-119.3926,-24.3581
14.7865,-119.1884,-24.3581
14.6694,-118.9842,-24.3581
14.5523,-118.7985,-24.3581
14.4254,-118.5943,-24.3581
14.2985,-118.4087,-24.3581
14.1716,-118.2045,-24.3581
14.0447,-118.0188,-24.3581
13.908,-117.8332,-24.3581
13.7909,-117.629,-24.3581
13.6542,-117.4433,-24.3581
13.5273,-117.2391,-24.3581
13.3906,-117.0535,-24.3581
13.254,-116.8679,-24.3581
13.1271,-116.6822,-24.3581
12.9904,-116.4966,-24.3581
12.8538,-116.3109,-24.3581
12.7171,-116.1067,-24.3581
12.5804,-115.9211,-24.3581
12.4438,-115.7354,-24.3581
12.3071,-115.5498,-24.3581
12.1705,-115.3642,-24.3581
12.024,-115.1971,-24.3581
11.8776,-115.0114,-24.358
11.7409,-114.8258,-24.358
11.5945,-114.6402,-24.358
11.4481,-114.4545,-24.358
11.3114,-114.2874,-24.358
11.165,-114.1018,-24.358
11.0186,-113.9162,-24.358
10.8722,-113.7491,-24.358
10.7257,-113.5634,-24.358
10.5988,-113.3778,-24.358
10.4622,-113.1922,-24.358
10.3255,-113.0065,-24.358
10.1889,-112.8209,-24.358
10.062,-112.6352,-24.358
9.9253,-112.431,-24.358
9.7984,-112.2454,-24.358
9.6715,-112.0412,-24.358
9.5446,-111.8555,-24.358
9.4275,-111.6513,-24.358
9.3006,-111.4657,-24.358
9.1834,-111.2615,-24.458
9.0663,-111.0573,-24.358
8.9492,-110.8531,-24.358
8.832,-110.6674,-24.358
8.7246,-110.4818,-24.458
8.627,-110.2962,-24.358
8.5392,-110.1291,-24.358
8.4416,-109.962,-24.458
8.3635,-109.8135,-24.358
8.2854,-109.6835,-24.3579
8.2073,-109.535,-24.4579
8.1292,-109.4051,-24.4579
8.0609,-109.2751,-24.4579
7.9925,-109.1637,-24.4579
7.9242,-109.0524,-24.4579
7.8461,-108.9224,-24.4579
7.7875,-108.811,-24.4579
7.7192,-108.6996,-24.4579
7.6509,-108.6068,-24.4579
7.5825,-108.4954,-24.4579
7.524,-108.3841,-24.4579
7.4556,-108.2912,-24.4579
7.3873,-108.1984,-24.4579
7.319,-108.087,-24.4579
7.2507,-107.9756,-24.4579
7.1726,-107.8643,-24.4579
7.0945,-107.7343,-24.4579
7.0066,-107.6229,-24.4579
6.9285,-107.493,-24.4579
6.8309,-107.3816,-24.4579
6.7528,-107.2516,-24.4579
6.6552,-107.1217,-24.4579
6.5673,-106.9917,-24.4579
6.4697,-106.8618,-24.4579
6.3819,-106.7318,-24.4579
6.2843,-106.6205,-24.4579
6.1769,-106.4905,-24.4579
6.089,-106.342,-24.4579
5.9914,-106.2306,-24.4579
5.8938,-106.1007,-24.4579
5.7864,-105.9707,-24.4579
5.6888,-105.8408,-24.4579
5.5814,-105.7294,-24.4579
5.4838,-105.5994,-24.4579
5.3764,-105.4695,-24.3579
5.2691,-105.3395,-24.3579
5.1617,-105.2282,-24.3579
5.0543,-105.0982,-24.3579
4.9469,-104.9868,-24.3579
4.8396,-104.8569,-24.3579
4.7322,-104.7269,-24.3579
4.6151,-104.6155,-24.3579
4.5077,-104.4856,-24.3579
4.3905,-104.3742,-24.3579
4.2734,-104.2443,-24.3579
4.166,-104.1143,-24.3579
4.0489,-104.0029,-24.3578
3.9318,-103.8915,-24.3578
3.8146,-103.7616,-24.3578
3.6975,-103.6502,-24.3578
3.5803,-103.5388,-24.3578
3.4534,-103.4089,-24.3578
3.3363,-103.2975,-24.3578
3.2192,-103.1861,-24.3578
3.0923,-103.0562,-24.3578
2.9751,-102.9448,-24.3578
2.8482,-102.8334,-24.3578
2.7311,-102.722,-24.3578
2.6042,-102.6106,-24.3578
2.4871,-102.4992,-24.3578
2.3602,-102.3878,-24.3578
2.2333,-102.2765,-24.3578
2.1161,-102.1836,-24.3578
1.9892,-102.0723,-24.3578
1.8623,-101.9609,-24.3578
1.7354,-101.868,-24.3578
1.6085,-101.7567,-24.3578
1.4816,-101.6453,-24.3578
1.345,-101.5525,-24.3578
1.2083,-101.4596,-24.3578
1.0716,-101.3854,-24.3578
0.9252,-101.2926,-24.3578
0.7788,-101.2183,-24.3578
0.6324,-101.1626,-24.3578
0.4762,-101.1069,-24.3578
0.32,-101.0327,-24.3578
0.1541,-100.9955,-24.3578
-0.0021,-100.9398,-24.3578
-0.1681,-100.9027,-24.3578
-0.334,-100.8656,-24.3578
-0.4999,-100.847,-24.3578
-0.6659,-100.8285,-24.3578
-0.8318,-100.8099,-24.3578
-0.9978,-100.8099,-24.3578
-1.1637,-100.8099,-24.3578
-1.3297,-100.8099,-24.3578
-1.5054,-100.8285,-24.3578
-1.6713,-100.8656,-24.4578
-1.8275,-100.9027,-24.4578
-1.9934,-100.9398,-24.4578
-2.1496,-100.9955,-24.4578
-2.3058,-101.0512,-24.4578
-2.4522,-101.1255,-24.4578
-2.6084,-101.1997,-24.4578
-2.7451,-101.274,-24.4578
-2.9013,-101.3483,-24.4578
-3.0574,-101.4225,-24.4578
-3.2136,-101.4968,-24.4578
-3.3698,-101.5525,-24.4578
-3.526,-101.6267,-24.4578
-3.6822,-101.701,-24.4578
-3.8384,-101.7567,-24.4578
-4.0043,-101.8309,-24.4578
-4.1605,-101.9052,-24.4578
-4.3167,-101.9609,-24.4578
-4.4729,-102.0351,-24.4578
-4.6388,-102.1094,-24.4578
-4.795,-102.1836,-24.4578
-4.9414,-102.2765,-24.4578
-5.0878,-102.3693,-24.5578
-5.2343,-102.4621,-24.5578
-5.3807,-102.5549,-24.5578
-5.5271,-102.6477,-24.5578
-5.6833,-102.7591,-24.5578
-5.8492,-102.8705,-24.5578
-6.0249,-103.019,-24.5578
-6.2006,-103.149,-24.5578
-6.3861,-103.2975,-24.5578
-6.5911,-103.4274,-24.5578
-6.7961,-103.5574,-24.5578
-7.0011,-103.6873,-24.5578
-7.2158,-103.8173,-24.5578
-7.4306,-103.9287,-24.5579
-7.6356,-104.0586,-24.5579
-7.8406,-104.1886,-24.5579
-8.0553,-104.2999,-24.5579
-8.2603,-104.4299,-24.5579
-8.4653,-104.5598,-24.5579
-8.68,-104.6712,-24.5579
-8.885,-104.8012,-24.6579
-9.09,-104.9126,-24.5579
-9.2755,-105.0239,-24.6579
-9.4512,-105.1168,-24.6579
-9.6171,-105.2096,-24.6579
-9.7733,-105.3024,-24.6579
-9.9295,-105.3952,-24.6579
-10.0759,-105.4695,-24.6579
-10.2224,-105.5437,-24.6579
-10.3688,-105.618,-24.6579
-10.5054,-105.6922,-24.6579
-10.6421,-105.7665,-24.6579
-10.769,-105.8408,-24.6579
-10.8959,-105.8964,-24.6579
-11.1692,-106.045,-24.6579
-11.3156,-106.1192,-24.6579
-11.4718,-106.1935,-24.6579
-11.628,-106.2677,-24.6579
-11.8037,-106.342,-24.6579
-11.9697,-106.4534,-24.6579
-12.1454,-106.5462,-24.6579
-12.3211,-106.6576,-24.6579
-12.5065,-106.769,-24.6579
-12.692,-106.8803,-24.6579
-12.8775,-106.9917,-24.6579
-13.0629,-107.1217,-24.6579
-13.2484,-107.2516,-24.6579
-13.4241,-107.3816,-24.6579
-13.6096,-107.5115,-24.6579
-13.7853,-107.6415,-24.6579
-13.9708,-107.7714,-24.6579
-14.1465,-107.9199,-24.6579
-14.3222,-108.0499,-24.6579
-14.5076,-108.1984,-24.6579
-14.6834,-108.3283,-24.6579
-14.8493,-108.4768,-24.6579
-15.025,-108.6254,-24.6579
-15.2007,-108.7739,-24.6579
-15.3764,-108.9038,-24.6579
-15.5424,-109.0523,-24.658
-15.7376,-109.1823,-24.658
-15.9231,-109.3122,-24.658
-16.1085,-109.4422,-24.658
-16.3038,-109.5721,-24.658
-16.4892,-109.7021,-24.658
-16.6845,-109.8135,-24.558
-16.8797,-109.9434,-24.658
-17.0749,-110.0548,-24.558
-17.2799,-110.1662,-24.558
-17.4849,-110.2776,-24.558
-17.6801,-110.3889,-24.558
-17.8851,-110.5003,-24.558
-18.0999,-110.6117,-24.558
-18.3049,-110.7045,-24.558
-18.5099,-110.8159,-24.558
-18.7246,-110.9087,-24.558
-18.9296,-111.0016,-24.558
-19.1444,-111.0944,-24.558
-19.3591,-111.1872,-24.558
-19.5836,-111.28,-24.558
-19.7984,-111.3728,-24.558
-19.9936,-111.4842,-24.558
-20.1888,-111.5956,-24.558
-20.3938,-111.707,-24.558
-20.5891,-111.8184,-24.558
-20.7843,-111.9483,-24.558
-20.9795,-112.0597,-24.558
-21.1845,-112.1711,-24.558
-21.3895,-112.2825,-24.558
-21.5945,-112.3939,-24.558
-21.7995,-112.5052,-24.558
-22.0045,-112.6166,-24.558
-22.2095,-112.728,-24.558
-22.4242,-112.8394,-24.558
-22.6292,-112.9508,-24.558
-22.844,-113.0436,-24.558
-23.049,-113.155,-24.558
-23.2637,-113.2664,-24.558
-23.4785,-113.3592,-24.558
-23.6835,-113.452,-24.5581
-23.908,-113.5448,-24.5581
-24.1227,-113.6191,-24.5581
-24.3472,-113.6933,-24.5581
-24.5718,-113.7676,-24.5581
-24.806,-113.8047,-24.5581
-25.0305,-113.8418,-24.5581
-25.2746,-113.8604,-24.5581
-25.5089,-113.8418,-24.5581
-25.7334,-113.8047,-24.5581
-25.9579,-113.7676,-24.5581
-26.1824,-113.6933,-24.5581
-26.3874,-113.5819,-24.5581
-26.6021,-113.4705,-24.5581
-26.7876,-113.322,-24.5581
-26.9438,-113.155,-24.5581
-27.1097,-112.9879,-24.5581
-27.2366,-112.8022,-24.5581
-27.344,-112.598,-24.5581
-27.4807,-112.4124,-24.558
-27.6173,-112.2267,-24.558
-27.754,-112.0411,-24.558
-27.9004,-111.8555,-24.558
-28.0371,-111.6698,-24.558
-28.1444,-111.4656,-24.558
-28.2616,-111.2614,-24.558
-28.3787,-111.0572,-24.458
-28.4861,-110.853,-24.458
-28.5935,-110.6302,-24.558
-28.7008,-110.426,-24.458
-28.7984,-110.2032,-24.458
-28.8961,-109.9805,-24.458
-28.9937,-109.7763,-24.458
-29.0913,-109.5535,-24.458
-29.1889,-109.3307,-24.458
-29.2865,-109.108,-24.458
-29.3841,-108.9037,-24.458
-29.472,-108.681,-24.458
-29.5598,-108.4582,-24.458
-29.6574,-108.2354,-24.458
-29.7453,-108.0127,-24.458
-29.8331,-107.7899,-24.458
-29.921,-107.5671,-24.458
-30.0088,-107.3258,-24.458
-30.0967,-107.103,-24.458
-30.1748,-106.8802,-24.458
-30.2626,-106.6575,-24.458
-30.3407,-106.4347,-24.458
-30.4188,-106.2119,-24.458
-30.4969,-105.9892,-24.458
-30.575,-105.7478,-24.4579
-30.6531,-105.5251,-24.3579
-30.7214,-105.3023,-24.3579
-30.8093,-105.0795,-24.3579
-30.8874,-104.8568,-24.3579
-30.9752,-104.634,-24.3579
-31.0533,-104.4112,-24.3579
-31.1412,-104.1884,-24.3579
-31.229,-103.9657,-24.3579
-31.3071,-103.7429,-24.3579
-31.3949,-103.5201,-24.3579
-31.4828,-103.3159,-24.3579
-31.5706,-103.0932,-24.3579
-31.6585,-102.8704,-24.3579
-31.7561,-102.6476,-24.3579
-31.844,-102.4248,-24.3579
-31.9416,-102.2206,-24.3579
-32.0294,-101.9979,-24.3579
-32.127,-101.7751,-24.3579
-32.2247,-101.5523,-24.2579
-32.3125,-101.3481,-24.2579
-32.4101,-101.1254,-24.2579
-32.5077,-100.9026,-24.2579
-32.6053,-100.6984,-24.2579
-32.7127,-100.4756,-24.2579
-32.8006,-100.2714,-24.2579
-32.8982,-100.0672,-24.2579
-32.9958,-99.863,-24.2579
-33.0934,-99.6588,-24.2579
-33.2008,-99.4546,-24.1579
-33.2886,-99.2504,-24.1579
-33.396,-99.0462,-24.1579
-33.4936,-98.842,-24.1579
-33.5912,-98.6563,-24.1579
-33.6888,-98.4521,-24.1578
-33.7962,-98.2665,-24.1578
-33.8938,-98.0623,-24.0578
-33.9914,-97.8766,-24.0578
-34.1086,-97.6724,-24.0578
-34.216,-97.4868,-24.0578
-34.3136,-97.3011,-24.0578
-34.4209,-97.0969,-24.0578
-34.5478,-96.9298,-24.0578
-34.665,-96.7442,-23.9578
-34.7821,-96.5771,-23.9578
-34.8992,-96.41,-23.9578
-35.0164,-96.243,-23.9578
-35.153,-96.0759,-23.9578
-35.2799,-95.9274,-23.8578
-35.4068,-95.7603,-23.8578
-35.5142,-95.5932,-23.8578
-35.6216,-95.4261,-23.8578
-35.7387,-95.2591,-23.8578
-35.8461,-95.092,-23.7578
-35.9535,-94.9249,-23.7578
-36.0511,-94.7764,-23.7578
-36.1585,-94.6093,-23.7578
-36.2561,-94.4422,-23.7578
-36.3439,-94.2752,-23.7578
-36.4318,-94.1081,-23.6578
-36.5099,-93.9596,-23.6578
-36.588,-93.8482,-23.6578
-36.6563,-93.7368,-23.6578
-36.7149,-93.6254,-23.6578
-36.7734,-93.5326,-23.6578
-36.8222,-93.4398,-23.5578
-36.871,-93.3469,-23.5578
-36.9198,-93.2727,-23.5578
-36.9589,-93.1984,-23.5578
-37.0077,-93.1056,-23.5578
-37.0467,-93.0314,-23.5578
-37.1053,-92.9385,-23.5578
-37.1541,-92.8643,-23.4578
-37.2029,-92.7529,-23.4578
-37.2615,-92.6601,-23.4578
-37.3201,-92.5673,-23.4578
-37.3689,-92.4559,-23.4578
-37.4372,-92.3445,-23.4578
-37.5055,-92.2517,-23.4578
-37.5836,-92.1588,-23.4578
-37.6617,-92.066,-23.4578
-37.7398,-91.9361,-23.4578
-37.8081,-91.8247,-23.3578
-37.8862,-91.7319,-23.3578
-37.9643,-91.6205,-23.3578
-38.0521,-91.5091,-23.3578
-38.14,-91.3977,-23.3578
-38.2083,-91.3049,-23.2578
-38.2864,-91.2121,-23.2578
-38.384,-91.1007,-23.2578
-38.4524,-91.0264,-23.2578
-38.5207,-90.9336,-23.2578
-38.5988,-90.8408,-23.2578
-38.6671,-90.7665,-23.2578
-38.7354,-90.6923,-23.2578
-38.8038,-90.618,-23.2578
-38.8623,-90.5437,-23.2578
-38.9209,-90.4881,-23.2578
-38.9795,-90.4509,-23.2578
-39.0185,-90.3952,-23.2578
-39.0576,-90.3767,-23.2578
-39.0966,-90.3581,-23.2578
-39.1161,-90.321,-23.2578
-39.1454,-90.3024,-23.2578
-39.1747,-90.2838,-23.2578
-39.1942,-90.2653,-23.2578
-39.2137,-90.2467,-23.2578
-39.2235,-90.2467,-23.2578
-39.243,-90.2096,-23.2578
-39.2528,-90.191,-23.2578
-39.2626,-90.191,-23.2578
-39.2626,-90.1725,-23.1578
-39.2723,-90.1725,-23.1578
-39.2723,-90.1725,-23.1578
-39.2821,-90.1725,-23.1578
-39.2821,-90.1725,-23.1578
-39.2918,-90.1539,-23.1578
-39.2918,-90.1539,-23.1578
-39.2918,-90.1539,-23.1578
-39.2918,-90.1539,-23.1578
-39.3016,-90.1539,-23.1578
-39.3016,-90.1539,-23.1578
-39.3016,-90.1539,-23.1578
-39.3016,-90.1353,-23.0578
-39.3114,-90.1539,-23.0578
-39.3114,-90.1539,-23.0578
-39.3114,-90.1539,-23.0578
-39.3114,-90.1539,-23.0578
-39.3211,-90.1539,-23.0578
-39.3211,-90.1539,-23.0578
-39.3211,-90.1539,-23.0578
-39.3309,-90.1539,-23.0578
-39.3309,-90.1353,-23.0578
-39.3309,-90.1539,-23.0578
-39.3309,-90.1539,-23.0578
-39.3406,-90.1353,-23.0578
-39.3406,-90.1539,-23.0578
-39.3406,-90.1539,-23.0578
-39.3504,-90.1353,-23.0578
-39.3504,-90.1353,-23.0578
-39.3504,-90.1539,-23.0578
-39.3504,-90.1353,-23.0578
-39.3602,-90.1539,-23.0578
-39.3602,-90.1353,-22.9578
-39.3699,-90.1168,-22.9578
-39.3699,-90.1168,-22.9578
-39.3797,-90.1168,-22.9578
-39.3797,-90.0982,-22.9578
-39.3895,-90.0982,-22.9578
-39.3895,-90.0982,-22.9578
-39.3797,-90.0796,-22.9578
-39.3797,-90.0796,-22.9578
-39.3895,-90.0796,-22.9578
-39.3797,-90.0796,-22.9578
-39.3895,-90.0796,-22.9578
-39.3895,-90.0796,-22.9578
-39.3895,-90.0796,-22.9578
-39.3992,-90.0611,-22.9578
-39.3992,-90.0611,-22.8578
-39.409,-90.0611,-22.8578
-39.409,-90.0611,-22.8578
-39.409,-90.0611,-22.8578
-39.409,-90.0425,-22.8578
-39.4187,-90.0425,-22.8578
-39.4187,-90.0425,-22.8578
-39.4187,-90.0425,-22.8578
-39.4285,-90.024,-22.8578
-39.4285,-90.024,-22.8578
-39.4285,-90.024,-22.8578
-39.4285,-90.024,-22.8578
-39.4285,-90.0425,-22.8578
